[{"date":"2020-08-30T00:00:00Z","event":"http://www.wikidata.org/entity/Q48834913","eventLabel":"2020 Montenegrin parliamentary election"},{"date":"2020-09-13T00:00:00Z","event":"http://www.wikidata.org/entity/Q65131360"},{"date":"2020-09-13T00:00:00Z","event":"http://www.wikidata.org/entity/Q72838890","eventLabel":"The 28th International Conference on Computational Linguistics"},{"date":"2020-09-08T00:00:00Z","event":"http://www.wikidata.org/entity/Q75922713","eventLabel":"EURALEX 2020"},{"date":"2020-09-07T00:00:00Z","event":"http://www.wikidata.org/entity/Q78867488","eventLabel":"16th International Conference on Semantic Systems"},{"date":"2020-09-01T00:00:00Z","event":"http://www.wikidata.org/entity/Q83987783","eventLabel":"2020 Apulian regional election"},{"date":"2020-09-05T00:00:00Z","event":"http://www.wikidata.org/entity/Q87743367"},{"date":"2020-09-04T00:00:00Z","event":"http://www.wikidata.org/entity/Q88397990"},{"date":"2020-08-22T00:00:00Z","event":"http://www.wikidata.org/entity/Q88979357"},{"date":"2020-08-28T00:00:00Z","event":"http://www.wikidata.org/entity/Q97171605","eventLabel":"Koh-Lanta, season 21"}]